Image,Confidence
00000372_014.png,0.45322513580322266
00000502_014.png,0.48451653122901917
00003305_000.png,0.6069674491882324
00004186_000.png,0.3619670569896698
00004893_028.png,0.5081326365470886
00004911_007.png,0.5164251327514648
00005539_010.png,0.48874369263648987
00005609_026.png,0.44660764932632446
00006450_005.png,0.6393631100654602
00006507_001.png,0.6011093854904175
00007453_002.png,0.5684908628463745
00007914_002.png,0.5146709084510803
00008708_010.png,0.46732011437416077
00013346_011.png,0.5586753487586975
00013890_003.png,0.6297966241836548
00014387_013.png,0.566624104976654
00018224_002.png,0.6312891244888306
00019021_004.png,0.6037375926971436
00019124_037.png,0.6140798330307007
00019396_000.png,0.5919127464294434
00019449_001.png,0.5021891593933105
00023129_000.png,0.5297090411186218
00025075_000.png,0.5592553615570068
00026114_000.png,0.3722020983695984
00027930_000.png,0.5934715270996094
043bf858-b33e-463b-98f5-32c0e75e49b3.jpg,0.5398191809654236
076ad555-8eff-4022-9c08-7205c59a75d2.jpg,0.6479833126068115
09547f4f-c52e-4fd7-8738-0e01e6277034.jpg,0.5195459127426147
0a8db596-9ef7-4b6c-a5db-7bb6029d0b9d.jpg,0.5828945636749268
0b3d3db8-871d-45a6-a8af-3c76b5b92f1f.jpg,0.5220625996589661
12f43927-7592-404e-87c7-4027e114e7ff.jpg,0.6056357622146606
13e7e928-b7d0-4191-8eb5-b56aaa31edc8.jpg,0.6233687400817871
15c50f7a-a638-4665-9101-cc2ffdc39a43.jpg,0.6121938228607178
17042665-a8a3-4538-a665-39126634f3dc.jpg,0.6180790066719055
18287dd8-6e84-424c-914d-c549680d1b9f.jpg,0.5197157859802246
185d494c-3ec2-4317-bb8a-bcd0f9ce7615.jpg,0.6096049547195435
191ebe0e-a14d-416c-88e4-4c4fb2647690.jpg,0.6191373467445374
212ccee9-80ec-4d67-8edb-5959d344c923.jpg,0.5684399008750916
22a72d2d-1043-4e16-9480-f64adeddb3a3.jpg,0.6130996346473694
23bc2cd7-226a-4248-81e7-59816cdb3446.jpg,0.6162041425704956
2785e983-bdcb-4ece-8dc4-82b14d2d2b85.jpg,0.5155481100082397
27b2992d-54c7-4fcd-a060-b118bd8fe5ca.jpg,0.598672091960907
33a2a0e3-3c02-4d03-acf9-183932ebfa09.jpg,0.6214427351951599
350f6ea5-e123-4a2b-935d-b48fcbf0c17a.jpg,0.528603196144104
355bdf6a-2a9d-4e62-82ad-9cdb3c561ccb.jpg,0.5842810273170471
355ca2f6-2947-4f1f-9d21-a876bd6df049.jpg,0.4993155300617218
35c9b827-764f-4911-9630-7fd4a9de1ada.jpg,0.4921693503856659
364aa43b-3693-4c51-a0d0-78c286262540.jpg,0.49206510186195374
36ef9113-5ea4-4812-a5ea-fdb0e3e028ba.jpg,0.5309115052223206
38a60ce9-5adc-4875-9fb6-05ea5d44b557.jpg,0.5307480096817017
3b2853dd-7027-4d70-945e-f604ad9d33bb.jpg,0.5051001310348511
3b4f98fa-8ade-41d8-a4a1-7779a17eac1e.jpg,0.5639737248420715
3b6a7c3f-6628-43e9-a4b9-227a7d6b7ef8.jpg,0.5770638585090637
3d2dc6e4-e1d4-4872-a417-5f640ddbb064.jpg,0.5402791500091553
3e9dc5b9-1b7a-4e9f-a8aa-d28fc622f595.jpg,0.4102591276168823
3f8122e4-246b-4a06-bca6-60368ebc660f.jpg,0.5655719041824341
3fd6fcca-e35b-432b-8e7f-be83b110694c.jpg,0.5680209398269653
407f272e-826c-49b7-ac68-7066a121662f.jpg,0.5969762206077576
455c76de-482c-47d4-b15c-61da2640f4e0.jpg,0.6274897456169128
4afbc897-69d2-4074-9690-c3410ff4706c.jpg,0.5214782953262329
501410cd-cc11-4701-93ee-11d367dd6e04.jpg,0.5596662759780884
508dc69d-081a-4298-8f4a-b7722f45d802.jpg,0.5106152892112732
52b16ec8-dd80-4349-9068-2e80cae457d8.jpg,0.574574887752533
55c25b52-0043-4763-b889-3f5f44f01728.jpg,0.616783082485199
576f3fdc-8864-4709-b72f-a7b33fee8435.jpg,0.593827486038208
578d7a7b-a762-4713-adc4-35d476c97a75.jpg,0.5652393102645874
57a356a4-5201-4956-8818-d5cb8036633f.jpg,0.5025721788406372
57a3fc91-15bd-4967-b617-d4716affd388.jpg,0.4131230413913727
5808c0e2-8c62-4224-827a-3d8eaf68768e.jpg,0.6145113706588745
581bba74-e3a2-4151-add9-179ab619e47e.jpg,0.5899196863174438
583240d2-445b-4bb3-bb9e-4259263fa763.jpg,0.6202932000160217
5949c80a-06b5-4a5e-9f2f-f00c1bda5268.jpg,0.5141750574111938
5951a068-c3d8-4e8b-abec-c1a8052411b2.jpg,0.6232585906982422
5b9fb157-f24d-4d07-abbc-bdf3356e1b29.jpg,0.5047693848609924
5d270645-9eaf-4198-9505-8335d0095ff8.jpg,0.6236956715583801
5eaecf07-fe6e-4503-a7d9-3b99d344d08a.jpg,0.6455904841423035
5ec1df7d-cbff-4d09-9ec0-45fb513e8015.jpg,0.5337560772895813
5ed0a141-2878-44e3-983b-bc51928f7e65.jpg,0.5404731631278992
5f791b1a-d6c4-422c-bac1-c8f3c9049e08.jpg,0.6290678381919861
6186e217-86ef-4140-8b7f-ae056a4eaf3b.jpg,0.6450979113578796
627fbbd0-5d32-4c2a-9aee-9859b309407b.jpg,0.637779176235199
64febd26-2c07-4e4b-a71d-e55d856ed00e.jpg,0.6439053416252136
651be07e-374b-49b9-b062-be338b0db63c.jpg,0.5081833004951477
652ef311-c8c4-44c9-8d0b-2c890a97c2fa.jpg,0.5137655138969421
6541f0d9-af95-4f70-8ed9-bad9b4a5a731.jpg,0.5922406315803528
658e7faf-1a01-4388-ba49-2976020b81d7.jpg,0.5849829912185669
65a018da-8ac3-4394-aae9-2720e36887f1.jpg,0.4566309452056885
66aa8f78-13e3-4e42-94a2-75e41d43f7f6.jpg,0.5128651261329651
6789e4a8-92e1-47df-8b10-d979da39489a.jpg,0.6202174425125122
68966e26-b5c0-42f7-92de-a2ccfc112740.jpg,0.5683221220970154
69e6daf2-a1df-432e-b45c-fd11f49d2fa5.jpg,0.533132016658783
6aef6ac2-01b9-4742-ad26-429cc9577a1f.jpg,0.537627100944519
6f4378d6-f017-45ed-91cd-b28f579506ba.jpg,0.5456602573394775
71a4ce50-744f-49f2-8e17-6f39946b44f5.jpg,0.5576915144920349
73f20de7-2234-406e-be6a-9ab82c6f068b.jpg,0.6100192070007324
7494b723-ecdd-4aa6-8e80-833e43943d7b.jpg,0.5205446481704712
766b8aea-3b43-4a34-b675-09f373ca066b.jpg,0.6093725562095642
791a687e-c45e-4772-bdd4-0a9d6301d994.jpg,0.6364964246749878
798cc681-1bc3-4421-a2a3-eb6712925d7e.jpg,0.5742745399475098
7c6a67fa-5eea-41b7-b3a6-23770ee6bccc.jpg,0.5188043117523193
7d9e027d-8e9b-47b9-9771-1f75e0410c74.jpg,0.6331527829170227
7e25dcde-dc45-41ca-85f6-a73480915d93.jpg,0.6169355511665344
8061da34-c7a5-46a4-9534-632a036a2083.jpg,0.5310568809509277
82b3fca7-e397-487d-80bd-3b2fbd046f16.jpg,0.6231951713562012
83271277-99fc-4a10-a0e7-35d45838df89.jpg,0.61945641040802
8496fb3a-b2ea-4cd7-8c61-726945c70bbe.jpg,0.5957130789756775
864436dd-976d-45ad-b6c7-1bfe927c3d69.jpg,0.5122233629226685
88b4addb-e92d-45a3-91f6-ed710e0d7443.jpg,0.5825772285461426
8914e26a-095b-46a6-b4eb-858e6f75f5e6.jpg,0.5378377437591553
89c4d460-8231-46dc-bf13-901d61cebc51.jpg,0.5280778408050537
8b74a230-3f35-4d9b-a21a-cf2b6ae97ffc.jpg,0.5981072783470154
8bf3d116-1c45-43a9-99f8-844be581d401.jpg,0.5078608989715576
8c2b6caa-41cd-45c0-95f0-de71c3e9186b.jpg,0.5223059058189392
8c62b364-84be-4c83-9c3a-43df335a1978.jpg,0.541244626045227
8cff6974-c206-4db4-849c-f6a20dd09383.jpg,0.5722559094429016
8dce5367-bd3f-4652-ae2d-a114bd1a7e0f.jpg,0.5148735642433167
8e3b4193-6de6-4af0-a558-b573e1b84ca4.jpg,0.5716220736503601
8f6f2e89-2b9f-40b3-974d-dbbc0f820286.jpg,0.6400880813598633
8f719c99-d7f6-4e27-a5f6-3a259dc60b61.jpg,0.5581077933311462
9146a5d9-aa89-4d59-a86b-e568cb7bfd6d.jpg,0.5779366493225098
937caf29-fe3b-4fbe-a859-1d3843c4caad.jpg,0.6480088829994202
944d1326-6304-4b1c-b52b-a17df7fef124.jpg,0.5111522674560547
94d1813a-2992-4aaf-9059-a295069eb201.jpg,0.5821593403816223
95594cf3-2ea9-432a-957c-b774f59d18c9.jpg,0.6049718856811523
95b2b0de-de32-43bf-b419-e38be5e238cb.jpg,0.5956303477287292
982080bf-375a-4619-a462-1451de3c937c.jpg,0.6098526120185852
98f09d6b-283f-480e-9609-efcdb997eb8d.jpg,0.5573726892471313
99fc3bfc-3cbf-4080-a358-c455f68f1fae.jpg,0.5308613777160645
9a272bf2-3d60-43b8-9334-9010f38da4a0.jpg,0.6377761960029602
9addd7f0-dd54-47db-b70e-bc9baffe2b14.jpg,0.5715887546539307
9fc06af9-a9d4-454d-bc5e-22eb2d2d975e.jpg,0.5707836747169495
a0b9597d-93f4-4a7c-a412-81cb78bccb66.jpg,0.5968126654624939
a183866e-17ce-442d-8e80-1c6bfb81e184.jpg,0.6255068778991699
a229244f-3c9b-4f26-8ef4-18c5c6d78bd2.jpg,0.4393157958984375
a3dd7d4a-87a2-49be-b5f5-cb35b386bdd9.jpg,0.6401852965354919
a561b26f-fb7c-452c-b651-9588d51770ad.jpg,0.6389076113700867
a649b923-8e6a-4bed-8874-582bbf5c4e6c.jpg,0.5995299816131592
a8360104-de31-4d65-9a86-33bf4dc01ada.jpg,0.4661092758178711
a8545597-2873-4afc-a0a9-77bb14feb458.jpg,0.5823474526405334
aaef0613-d604-42d9-a13e-dd6f146b15cc.jpg,0.4893917441368103
ade25361-0d04-40ee-8ab4-781003414307.jpg,0.6276938915252686
aea65669-abc5-47dd-bf4e-c0e133dcac3c.jpg,0.5075196623802185
b064ca05-1cc1-463f-b43a-09b3582fa0d4.jpg,0.6439352035522461
b39d5502-47f0-4a2a-9978-97741698bac8.jpg,0.46677252650260925
b6cd343d-2352-445f-b5b9-28fd457c2022.jpg,0.5488304495811462
b7e57533-8fb9-4ed6-ba79-4465fc8f2a49.jpg,0.6470504403114319
b82728f7-354b-4176-8908-8edbf3327e0b.jpg,0.5364864468574524
b93be596-c156-4f63-ae41-fd5c4549bcc0.jpg,0.6138463616371155
ba0b5a1e-ccc8-4262-9d1a-c37fdfdb0733.jpg,0.5631592273712158
ba10a732-1bd2-4336-b85c-37da347a70ad.jpg,0.5679407715797424
ba13e6de-a5d4-454d-8b5d-de3d30008294.jpg,0.5135090947151184
bbc1e8bf-b669-4629-9344-cf21dc40c972.jpg,0.5002878904342651
be4ce4c9-108b-4f79-87f4-47bc77c557ff.jpg,0.5990896821022034
bf78baf2-7a8a-4dc5-add9-63b3a0f9703f.jpg,0.602816641330719
c0ef4e1c-00e0-49aa-a31f-991df235c74d.jpg,0.5745760202407837
c24720c4-d88c-41ce-8ee7-949045ac7b4d.jpg,0.5482581853866577
c4073ba6-181c-4421-9793-2c79fd9c005e.jpg,0.5187181234359741
cd70a898-0d26-4a46-9949-5dd6ea3993ff.jpg,0.5854746103286743
cdb24c1c-9d66-4d9c-a651-ec6daa9250cc.jpg,0.5298154950141907
d8a724c3-cd49-48b0-bff8-0f1e158f2706.jpg,0.6372501254081726
d92599fd-687c-4f1a-b9be-5dc0852c0f2b.jpg,0.6298480033874512
d9f275f9-4f05-485d-8401-810b9f07a13c.jpg,0.5604077577590942
dad5b145-3355-4ee7-a1ca-aba8abc3cf12.jpg,0.6486040949821472
dbc50f97-e677-4c35-ac46-5eb7cdeba416.jpg,0.6250535249710083
dc10d03d-7a68-47d8-ad32-e8d4cca3a646.jpg,0.5419651865959167
ddbc86c3-4b6c-45cd-bd7c-d8b67e7d769b.jpg,0.5512019395828247
de459db0-6f34-4e0e-997c-178cbb9dfc89.jpg,0.5635979771614075
df5797ca-9b18-45c4-9dd6-301975a7903e.jpg,0.6447693705558777
e0323a9a-78e9-4177-b718-891d99c575cc.jpg,0.6368788480758667
e11754ca-30f1-4e9c-acfd-34563b26c2ac.jpg,0.5622335076332092
e356eae4-de6e-45e6-a1df-ec51c8ccc1cd.jpg,0.5848808288574219
e4c7e8b1-c421-4360-9874-a12c70a95a76.jpg,0.5653260946273804
e6d643f9-3a71-47bd-ba97-90912b918c65.jpg,0.6280913352966309
e6fc8c7e-ccf8-4cf4-90e0-3ef3500d66cd.jpg,0.5792925357818604
e72249f8-330b-4852-a7d2-bea2f75666c7.jpg,0.48076802492141724
e8d3f1b0-6019-400f-b1fe-9f259d4c4fb8.jpg,0.5760794878005981
e9281998-60d8-4581-b1e8-58ae9d5a2bb8.jpg,0.5874793529510498
e983d088-c55f-46d2-a52d-467df77a2fa5.jpg,0.5791210532188416
ea69d57e-6d9e-406a-8d7c-544b54954dff.jpg,0.4141084551811218
ea945578-341f-40ae-ab2e-43fad170e59f.jpg,0.4646379053592682
eabe39ed-472d-4eb2-a037-435abcaf2373.jpg,0.49687260389328003
eca7a1b4-5d3e-44f2-998d-7077d6032206.jpg,0.6398758292198181
eeabffdc-306a-46e2-b5b4-86dac89e1c4d.jpg,0.48719969391822815
f593cb8e-047a-48d1-b1f5-7d637fb94ce6.jpg,0.5576372742652893
f7a1de8c-7802-4af3-98c4-4dfb088b986d.jpg,0.5016999840736389
faccc909-7b46-4c7c-ad86-1ebdfec79bf9.jpg,0.6149390339851379
fe5ef7f7-d542-43b9-9b8d-9bd534294a31.jpg,0.6433357000350952
fe6ae853-4277-42f5-a0fe-09bb32bbdf56.jpg,0.536938488483429
fe984b23-53b7-403e-9c18-b4302ff46f2b.jpg,0.603676438331604
ff1184dd-a8d8-44b5-bc78-eb3d38adc03f.jpg,0.6241815686225891
00003981_016.png,0.4755377173423767
00004490_008.png,0.6407306790351868
00009804_001.png,0.49574586749076843
00009918_003.png,0.5602538585662842
00010066_007.png,0.5382703542709351
00010308_011.png,0.5528339147567749
00010531_058.png,0.4965234100818634
00011709_000.png,0.5294802784919739
00012263_006.png,0.6446338295936584
00013045_003.png,0.5926074981689453
00014015_016.png,0.5609328746795654
00015826_029.png,0.5992221832275391
00016064_010.png,0.5136730670928955
00017549_002.png,0.5487062335014343
00021369_003.png,0.5154104232788086
00022215_012.png,0.5144512057304382
00023283_005.png,0.5057507753372192
00026451_055.png,0.581780731678009
00027784_007.png,0.615818202495575
01fa0f5e-00c3-41cb-b5c7-10600c8633ae.jpg,0.5578179955482483
02363fdb-4cd0-4631-b3d8-7a10fddffa28.jpg,0.6252821683883667
06a4f477-34ca-4625-945b-81bfa9e77273.jpg,0.5418248772621155
06cc9b59-b8ff-4a6b-9e5b-f127c7c1208d.jpg,0.5525195598602295
06cf339f-a71a-4177-b950-ae1fdd5f4762.jpg,0.5414735078811646
07349035-d546-41ec-813a-612614536f5a.jpg,0.5057054758071899
07a35aa8-491e-49f2-a9a3-13df10f32484.jpg,0.6468896269798279
084aa98a-91aa-45d8-aa52-4fad8344b0bf.jpg,0.5149211883544922
088b89f6-6847-4a20-b1ad-5887b56bbae7.jpg,0.6459357738494873
095edab1-09c6-4f83-931e-f0a33b77639c.jpg,0.4758807122707367
0976dbc4-041f-4bb0-9110-3024d0786c8b.jpg,0.5457649230957031
0ab261f9-4eb5-42ab-a9a5-e918904d6356.jpg,0.621227502822876
0b7a4fb2-adab-484b-a0f7-23f5111bc745.jpg,0.6402344703674316
0bae27f3-01d4-4223-adc5-d3264e0d9213.jpg,0.6024057269096375
0c122fd9-6dc8-4224-baae-812ed5c4bd12.jpg,0.6299306750297546
0cc66f3f-6bfb-4f99-bbc6-ed28bf3f740c.jpg,0.5870043635368347
0e302d0d-b8c2-4d92-a735-12e843ff89df.jpg,0.5950203537940979
0f0a1877-3f44-42f0-8905-2856078ff2ac.jpg,0.6323120594024658
0f8f22cd-112a-47c5-8069-d767ed01b112.jpg,0.635140597820282
1140282f-ff8a1cb5-1e33ab6a-d32d86c7-6193cfbb.jpg,0.5502637028694153
11a355bd-9544-4211-bfa8-451777c1d3c2.jpg,0.6476051211357117
13aa11f7-b15f-47d4-94c1-4ded9bc8ab16.jpg,0.5213403701782227
1553848a-161e-48ad-af50-05f38696a6fe.jpg,0.617620587348938
1563a4ed-d5f5-4e31-8818-c5417109d403.jpg,0.6059379577636719
1614564a-fe0d-43dc-87ae-299d859959f6.jpg,0.46974456310272217
1748e4e2-5c73-4794-81fe-2c5fe4af8cdd.jpg,0.5432664155960083
19370915-6723-41fe-be09-29defbd9b7c1.jpg,0.5439388155937195
195033e1-ab56-4857-8b68-ef116fa576aa.jpg,0.5505955219268799
1b2fcebf-3743-40ef-92e7-e0802c77a5c2.jpg,0.6369233727455139
1be56c93-6607-4b08-b73a-dfe4ca81f7b1.jpg,0.5288147330284119
1c63da74-f68a-498d-a4b8-fc637227a4fa.jpg,0.4794515073299408
1d57c801-71b4-49da-8933-2cabdc927fef.jpg,0.542980968952179
1f5f34b6-8e8d-4e25-88fc-6ba1b5b0ac06.jpg,0.5418782234191895
1f7a3519-99e6-4466-9859-5e628bebff73.jpg,0.6120131015777588
200e0d67-f9ec2f0d-9855c82f-f898a5a5-82d1a21b.jpg,0.5682435631752014
2278d9f3-e7bf-4e36-a194-aaf5bdb20762.jpg,0.5005152225494385
228b3dc1-f78a-4ac9-b213-2a416583d063.jpg,0.5208290219306946
24cb4fd3-7f4b-4bc7-a9c1-24be6c6e09de.jpg,0.5521557927131653
26408db2-e7f0-47de-96d8-5aa9c2b47153.jpg,0.6094610691070557
27bdb2cc-9665-40ea-a6b4-248a1112dbe8.jpg,0.6315208673477173
285e0dd4-4f19-47ab-9ce0-6b02c1396f29.jpg,0.6050037145614624
2bd6fd9b-f94c-49fb-b301-88ea19122b6a.jpg,0.5117608904838562
3040d9d7-d895-453f-887c-616c10531960.jpg,0.5116844773292542
31102758-a5ba-44c9-b480-b744bcfcb861.jpg,0.5629279613494873
31902a4d-1835-463a-a19a-5a84cd646751.jpg,0.6282066702842712
31a00524-b6eb-4d94-99ed-e70827499507.jpg,0.5284001231193542
3218b157-1f46-4da3-863f-9b97ae22308f.jpg,0.5878048539161682
32aeea3d-b01e-421f-9094-d4fdd87e85ac.jpg,0.4972682595252991
32ec2e2d-9efb-4510-a7c1-14a007336a68.jpg,0.624771773815155
3331a818-6190-4caa-8e71-1849f68d1557.jpg,0.5892885327339172
338907f5-8c8c-47e7-a57d-6c9eb5b4529b.jpg,0.6264808773994446
338a1c2f-60a7-4656-ba2c-8c99103da696.jpg,0.5524300932884216
340af340-aa8f-418d-a73b-3c11814cc1c3.jpg,0.5503740906715393
35061124-9245-4434-b165-b89aef28bb75.jpg,0.5790674090385437
35071f53-b924-440e-bdfe-7e6f3c74989d.jpg,0.6088112592697144
351fe1bb-2966-43a1-9837-fc9664c05266.jpg,0.633911669254303
359ce100-a41f-40e2-ba95-c91b83725a35.jpg,0.5200188159942627
36200569-a271-4fcf-819b-1bd00e626534.jpg,0.592077910900116
36af11b1-75ca-473d-b29c-4bfa1802a81e.jpg,0.5583823323249817
37296532-0632-40c6-ba5c-377e4d12cacd.jpg,0.6296032071113586
3748c51e-06c7-488e-97be-dac0614f5c17.jpg,0.6001307964324951
380c4bec-022e-4b0e-b96b-40be0dddfd52.jpg,0.5354344844818115
388d9b4f-6c31-44ac-b878-8f5c3843fd1f.jpg,0.6088067889213562
389628be-67a0-4854-a44e-0c4e2df93b04.jpg,0.538338840007782
38b5b90d-6f8c-4470-8d45-b83e5dff6a4b.jpg,0.592782199382782
38f2df56-b804-4c70-811e-b01f1aac0216.jpg,0.6099160313606262
3922a7cc-ff8d-4479-893c-b82d86109414.jpg,0.5966427326202393
39552f5b-ee51-4a9a-9028-8fcdaae9baac.jpg,0.528226912021637
39f08b1e-46f0-4463-ab20-f72aac165d83.jpg,0.5672227740287781
3a453242-5b12-4bd3-967c-5974d429ac05.jpg,0.5658890008926392
3abb7176-035d-46cc-844e-820870e8154b.jpg,0.6246132254600525
3c4945ed-5abe-46b4-ad72-8377685fa14e.jpg,0.6075636148452759
3c993fea-80ff-42d5-a7ef-e2fb8209e4cf.jpg,0.5939528942108154
3d01e259-7bbd0416-d8a95cfb-7273901d-44953771.jpg,0.5829502940177917
3d1af87f-b6ad-408d-bddc-8bd1f27dd890.jpg,0.5484124422073364
3d340335-7343-4c65-b23e-4ff5abea13a0.jpg,0.6354411244392395
3d4dfd10-61c7-4305-816f-fde544d1f3a3.jpg,0.5621509552001953
3d62329f-40d2-41e5-bcdd-c7eabc33f516.jpg,0.6105098724365234
3d7fb4b4-5e62-4591-aa4d-cbbc1ca3ffb7.jpg,0.5722324252128601
3df8778b-822d-4cae-8f94-9fe156c601b7.jpg,0.4971545338630676
3e439e6d-97d9-40b8-b201-794a5ce5ff1e.jpg,0.6301894187927246
3e881f10-28aa-4626-a79a-50cc014b7a1a.jpg,0.6351098418235779
3ea263f3-acee-461d-bbcd-9641d9db79d9.jpg,0.5649256706237793
3ed830ca-6746-47e8-b91e-0cfeeff9f9d2.jpg,0.5673907399177551
3f0cede4-95d5-48f9-8ec9-1606ef72c56e.jpg,0.5793099999427795
400c2833-e303-4822-903a-621dd055712e.jpg,0.5806134343147278
40473564-beaa-462c-8457-59058198bd25.jpg,0.5691042542457581
413d1f9a-dbd3-476c-b71f-ffd23ef38b98.jpg,0.5896426439285278
4217397c-f5d1-4890-8d71-5c6eebf8340e.jpg,0.6214566230773926
435963b1-c698-4e61-a104-cc500836e2c8.jpg,0.502989649772644
45c7270e-c7ba-45c1-b226-061a83987ae7.jpg,0.5687076449394226
4672156e-25e5-4bf4-8891-9e0e4a742c49.jpg,0.5162686705589294
4878535b-ef11-4656-b44c-ed21d223e4d3.jpg,0.6430673599243164
489136e5-81275add-e9a5846a-f50be5cd-74779926.jpg,0.5638177394866943
4bffacc2-e2b5-41b8-a5c3-804b8466bb47.jpg,0.6168789267539978
4c665597-adbc-4583-9d9a-20cc0d8d00d0.jpg,0.6240647435188293
52116588-449a-47a6-85fb-3672c149d7f0.jpg,0.5517135858535767
55bf30ae-819a-4d20-816c-d45615df0688.jpg,0.5604467391967773
57a82f17-448b-411d-81e2-2f40e84510be.jpg,0.5648822784423828
586ad370-dafd-45c0-9801-a89e7e20380a.jpg,0.5307601690292358
5bcc2f5b-46d9-4e87-bfc5-b4808ec4f13a.jpg,0.6319997906684875
5d36ee43-66c6-4d3c-a3ce-9a82b054b773.jpg,0.6045869588851929
5ea7521b-b287-4ddd-ac55-14e05c75d62e.jpg,0.5859506130218506
60370334-2b17-4c9d-a05b-b5746bdaa3b1.jpg,0.6165453195571899
6470a79b-e277-4f10-80ab-5d5484a010af.jpg,0.6329033970832825
649895e4-23f6-4e75-baad-3210eadbd9fd.jpg,0.5926766395568848
667936ab-7b210ca9-52009780-8016f88a-662cc948.jpg,0.6343479156494141
66ef9038-88177494-ff818a63-4d9d11e0-ca70dffc.jpg,0.5342557430267334
67949b55-7b2b-41be-becc-70f86797db4e.jpg,0.5070018172264099
68c5169b-377b-4025-a26a-1e941a55a667.jpg,0.5037723183631897
695fc74e-72d0-4bcf-a9a9-a75e99fb7306.jpg,0.5848466157913208
69702abd-0555-4e3c-bb6a-f73a1d47adfd.jpg,0.607694685459137
6ec7e05c-1bbe-40ae-8d65-ec917da68f16.jpg,0.6414594650268555
6f316d9f-5bce-464a-997e-bb04596b9844.jpg,0.6345111727714539
6fadce8d-3ee4-4f94-b05f-e6f0bc531c6b.jpg,0.6315377950668335
70a630f3-c0cd-4487-b07f-87e2bbe961e0.jpg,0.6228882670402527
718d6d9e-aa8e-46bf-8b5d-1e42e6f398bf.jpg,0.5177803635597229
76224fab-b60544bc-a3d6eb2b-850861af-adf7369c.jpg,0.6327227354049683
76f71a93-8105-4c79-a010-0cfa86f0061a.jpg,0.5584430694580078
77dc3ec3-a29e-4733-99fc-80b51a76e833.jpg,0.6053479313850403
784a3ed0-2565-430f-819f-f713e1775344.jpg,0.516716718673706
78834a4d-5eae-48bb-a7c2-77c17d3f2ab5.jpg,0.6250967979431152
7ba39b76-67919252-87df2445-a9b00582-c3ef2532.jpg,0.5344042181968689
7bd0fbaa-3042-4771-8dd8-d7a2f5450c65.jpg,0.6334969997406006
7f235391-026ddb9e-b84c7c8f-7cacab99-249f1285.jpg,0.5789874196052551
7f957ae7-0d22-47c2-8c41-ecf5aeccb1f0.jpg,0.5915878415107727
80314888-a5ec-4ba1-8cf4-ad9c67fac5ba.jpg,0.5493521094322205
8192a218-3ed8-450a-bb3e-052e36567763.jpg,0.5816869139671326
81b3ca12-841a-4c71-8fde-7fbcb835b6c9.jpg,0.5644070506095886
830029b1-3429-48f3-b13d-c7c611865d6e.jpg,0.5122783780097961
835ea6ca-9564-41da-80de-568f18c82ab2.jpg,0.6461021900177002
847f25e9-6983-4c5f-a1e6-f3629557f1a3.jpg,0.6296404004096985
85f49d66-c50b-4f89-be34-2aee655583b3.jpg,0.6051985621452332
8741ed59-b23a-4b7b-9113-cf359cc2bc41.jpg,0.6417710781097412
87ddbd40-b218-4bfd-9a82-2ea252e08c1e.jpg,0.6054390668869019
881171f8-f1ea-4740-89f2-52fbc63fc2d2.jpg,0.5889791250228882
88363702-59f4-4dc3-b3cc-316b9216fdc1.jpg,0.5279405117034912
88483dd4-8590-4da0-b4eb-077ccba7a431.jpg,0.5988172292709351
8a6b0550-8fa3b54b-4703a676-db84baf7-e4fe2d48.jpg,0.6374478936195374
8a72ad25-c50c-421b-bc5a-19b0357fb006.jpg,0.5140222311019897
8a9eb130-2d16-4a85-9f57-c8795d068f01.jpg,0.46503889560699463
8ae596ed-a849-4e0d-acf0-5173e0df0d33.jpg,0.6107602119445801
8ae822ae-a656-47ba-ac5b-848ce2256575.jpg,0.6326966285705566
8d09cad6-5aec-48fc-8c66-1b5e7c144ac8.jpg,0.5338925123214722
8ead702d-e231-4ef8-b53c-41c81e44235e.jpg,0.6399693489074707
8fa2efa3-f8c8-4b89-9c22-e6468ec696d8.jpg,0.5215759873390198
91211176-bfab-4346-ae4f-e35866564361.jpg,0.5674328207969666
93351a14-30a7-494c-a02b-7f2d72c724c8.jpg,0.5519920587539673
949d29ea-c8d1-4627-aa46-65aca7112946.jpg,0.6133682131767273
9528063f-230e-4a25-b3b1-412caca2f750.jpg,0.5500175952911377
9673d5f3-fc1c-49bc-902a-81ff14db1da0.jpg,0.5132423043251038
9a8d4c24-8275-4805-ab84-9ae850c7ac32.jpg,0.6174178123474121
9bc1be15-d9b593e1-c58935cd-07753790-fa27775f.jpg,0.46911391615867615
9ca9ffa9-4810-4ed4-b919-39b2315ed461.jpg,0.5704376697540283
9cc6707b-0793-492b-b59a-ededa08fb144.jpg,0.5715413093566895
9f2e86d5-cf74-4c4f-84f9-c9e842c8ef0d.jpg,0.5909952521324158
a2d115d4-137adc75-50b1d78a-55ab33d2-cd6da6b6.jpg,0.5174761414527893
a30808af-7822-4f47-beaf-0c1a840cd980.jpg,0.5998243689537048
a3476eba-8536-4271-a7a9-b13dc3cc8a4d.jpg,0.6230430603027344
a37dc7a9-8b22-461b-99d2-c77109da8220.jpg,0.6445046067237854
a3ac5fe9-431c-4c10-8691-d0d26e6a0edd.jpg,0.6247280240058899
a4ee6346-dfcc-46f8-9d8e-69665a8083c5.jpg,0.502613365650177
a70f69e6-aae3-459e-a3dc-175a2bcae6b9.jpg,0.5912309885025024
a7cc220e-bef4-4d27-a921-7773ebef1282.jpg,0.6224659085273743
a887251c-8046-4ff2-b5e5-9ef155ef94a7.jpg,0.5567014813423157
aa4294f9-fe5f-4912-9e73-0cbf35bddfdf.jpg,0.5574097633361816
aa720b92-39d2-4db4-a6c1-318840cb973b.jpg,0.5121283531188965
aafda091-8953-40c4-802e-853a206e50d2.jpg,0.5578547716140747
ab6c8c45-7aad-43f3-9b5c-49cfad1dc0f6.jpg,0.5540584325790405
abda22a1-7761-4590-a1a8-132e093c54f2.jpg,0.5364773869514465
ac0fa091-cdb3-4e17-a8bd-58545c3e0106.jpg,0.5994592905044556
ac38760f-7332-4278-b011-982c9615f3cf.jpg,0.5880036950111389
ac7a86f8-447e-4062-9ed3-2361a6ea7fdc.jpg,0.6271464228630066
ad87f2f3-94d1-459a-83de-fe597d9f5d13.jpg,0.6478192806243896
ae1a7456-d4f8-4f0e-9764-ee93b0ec3245.jpg,0.5132049918174744
aed92e78-27be-4dc8-a464-56ca888e4626.jpg,0.508797287940979
aff2efe8-0cf0-4789-8ec9-b15d10f32c69.jpg,0.564659059047699
b03a2f26-e8af-43ab-970f-d35b2614e268.jpg,0.5497098565101624
b0b71bfa-9d78-4325-87e9-7b5f03d6cc99.jpg,0.6124758720397949
b1129974-9d1d-4329-bb38-9979786102ca.jpg,0.6354389190673828
b2592a14-6876-4e33-a1c3-ab09cd7c774f.jpg,0.5164048671722412
b2f2c4ee-cb07-48f7-a663-f6e04ee95c2d.jpg,0.5664055347442627
b3db4730-7c2d-4b91-b09b-2346fef7dc58.jpg,0.5097537636756897
b407bfac-f351-4129-9e55-53e825f7ab16.jpg,0.6072421073913574
b46fcbd0-8851-4561-96de-0a820e49f45d.jpg,0.5454479455947876
b479635e-4c58-4d27-879b-fb0e87b2a1aa.jpg,0.6412339210510254
b4a2cd51-7078-496c-9a4c-f0641ea9b13c.jpg,0.6080437302589417
b539db75-809d-4c0c-8b9f-b0e934ed740e.jpg,0.6392137408256531
b551156f-a0e0-4895-9bd5-c4e6307f077a.jpg,0.5598946213722229
b5a5a9a8-9fe4-4eff-8ebb-9da7b9cb014d.jpg,0.623844563961029
b6024434-3ed2-43c5-b186-79a2c0120bbd.jpg,0.564778745174408
b61e3955-0a8d-4678-9746-b7202fd6d777.jpg,0.5835530161857605
b6ab1a11-6558-4f76-bed2-3b169f820be9.jpg,0.5294675827026367
b6e7d1aa-74ca-4fc1-b268-415b9e4954ce.jpg,0.6486155390739441
b70a7d7e-3e11-4a74-998f-67eabfa438df.jpg,0.5713708996772766
b75a77fe-d336-4c9f-994f-3d158521fa28.jpg,0.6131155490875244
b8a563db-5bfd-4638-9b55-30c3a230485f.jpg,0.500403642654419
b8fbe64b-f29f-4c6e-9b4e-999d69719ab8.jpg,0.5433587431907654
b99b5a9a-d2cc-4e46-a419-cc7f1006dedd.jpg,0.4967867434024811
b9a014f0-6ab0-449a-be4d-1911473dde10.jpg,0.615889847278595
ba54e255-4d76-4f33-ab14-cbe9ac42c5a5.jpg,0.5309579372406006
ba66a843-4afd-473a-82a6-7cc80bb74757.jpg,0.6106938719749451
bc13bee6-5b18-46e5-b0cd-ba5ac0f1790a.jpg,0.628410279750824
be03b6e9-e030-4491-b23e-ac1d7efc73bb.jpg,0.5975261330604553
be265039-f0ab-4d31-9859-2de2f9d97492.jpg,0.5019794702529907
be910d75-76cd-40ad-8b4e-07ab616b43c1.jpg,0.4824742376804352
bec77715-a15a-4725-9adc-792af4dcc1d4.jpg,0.6078593730926514
bf9b012d-915c-4026-b989-c05312833b38.jpg,0.5244186520576477
bfb7c989-f1c7-4b55-8b05-598338363b1f.jpg,0.534028947353363
bfba9c94-6a70-4e72-856b-7e585331f5d7.jpg,0.4982486069202423
bfc8780a-6911-4006-a427-0898ccd3a5f9.jpg,0.6351529359817505
bfccb05a-9ac8-4879-bdc4-7aff2460093c.jpg,0.5910330414772034
c09b4889-d8d1-4690-806e-dfada1f79e0b.jpg,0.6111634969711304
c1628c47-5ba3-42dd-8df3-7ad3abd57ad0.jpg,0.6030634045600891
c1ffc793-0e31-4396-a0fc-6f7f6cccb28b.jpg,0.6462136507034302
c208db34-d893-4a2b-9cf2-45490f5b78a3.jpg,0.565424382686615
c2974ad2-07ba-4353-9172-1375acd88d9a.jpg,0.49283188581466675
c333554c-e635-4d5a-8975-66aecd096036.jpg,0.4061461389064789
c38ac8c2-2de1-4e9c-8c38-1b09d89dec5e.jpg,0.5832443833351135
c3b0adf1-3768-412f-a3b1-7a7f2a6dc928.jpg,0.5315951108932495
c589810a-3630-47c3-8c0c-fc54350ed844.jpg,0.5469738841056824
c63ee7f8-bfc127a5-d423229c-6e16430b-98e04968.jpg,0.5464113354682922
c8761847-7fbd-4de5-9a2a-ff2c1b26c95e.jpg,0.5198503136634827
c8d798bb-5bcb-4ca0-8b16-e360805aac69.jpg,0.5446167588233948
caa5f43e-2050-41a6-b0d5-2775d1fa6cb2.jpg,0.5296902656555176
cb3816db-93c9-4d0a-a163-eb40363c45fe.jpg,0.6488772034645081
cd544eaa-5084-4bd3-81d1-8d02da582260.jpg,0.5230433344841003
d0a1a18e-38f1834e-5de8fc73-43d4cbfb-400d02ce.jpg,0.6328427791595459
d10eacc0-9e8a-436c-867c-733e3fe424f5.jpg,0.603382408618927
d3d0536b-d0e8-4e2a-a803-03c7d42d454d.jpg,0.5007807016372681
d4d21c2c-ee3d-443a-91cd-7e6e3ebd59c6.jpg,0.5918897986412048
d640b82b-9fa6-49ad-9139-d1a0f1f8c7e8.jpg,0.5110687613487244
d759f178-2451-47bc-80c0-2efe67588693.jpg,0.620366096496582
d815454a-5088-407c-8822-af205bec401d.jpg,0.6264293193817139
db8433df-a208-4416-a35d-d131d8e334e3.jpg,0.6373801827430725
dbea4851-d8c8-435f-834d-b0895ab0475b.jpg,0.5214915871620178
e03b2ae0-a0a7-41d8-a6b1-dac421515a27.jpg,0.5010150671005249
e15ecf55-b05a-4f6f-bb25-d51d4a438963.jpg,0.5219199061393738
e6e93d3a-571d-4c1c-9c62-cbb043d9cc49.jpg,0.5823200345039368
e7a937f4-f744-45b4-93df-f92786e4d6d6.jpg,0.6188660264015198
e874f9c3-27c3-4b54-b3c0-bc4461342f90.jpg,0.5013157725334167
e97da81f-c608-49cd-acf5-4ec961861bbd.jpg,0.5606744289398193
ea20f7ad-5958-4a6a-b871-89e747593fd8.jpg,0.5854879021644592
ea75344c-6a403212-eb98fabf-79e14f84-54a5ed55.jpg,0.5868585109710693
eb2225b3-b09e-408c-8c48-27b1bad103a9.jpg,0.628655195236206
eba80948-4a28-4909-9b2d-06a0175c830f.jpg,0.47195014357566833
ebd9a666-b3ff-407c-9d50-9af3a285304f.jpg,0.5051480531692505
ec525238-c296-4a6d-a351-ce760c7111d9.jpg,0.5170596837997437
ee820aa5-4804-4984-97b3-f0a71d69702f.jpg,0.5568962097167969
ee8a4128-a907-475b-a363-9cd60d65e46e.jpg,0.6117001175880432
f2e71eff-2656-4b52-a014-eea3d0d00efc.jpg,0.5274326205253601
f556368d-3eb0-4b06-bc4d-535acc1ea1ad.jpg,0.6056572794914246
fa63b6bf-6e59eb94-d797f777-b6e3568e-59069ea5.jpg,0.644679844379425
fad80315-158c-4399-b3b2-bee20c35863d.jpg,0.6032772660255432
fcbe2830-fd0aa99b-92423316-59591f33-dafcbccc.jpg,0.4241102933883667
fd301529-5fda-4251-b01d-b879cdc0bbe5.jpg,0.5811809301376343
fd358431-c2ec-4b19-a689-b2fd369d84e1.jpg,0.6379053592681885
ff3258f3-2c66-40cf-9d5d-fe77f8036fa6.jpg,0.49690598249435425
02c2331d-b3fa-4d55-bf86-f0efbd589c86.jpg,0.5776703953742981
04616bb0-77ac-4ba0-816f-7ddd96f60713.jpg,0.5561051964759827
065b79b6-9a76-4b92-9417-de09b3d97cd5.jpg,0.6114027500152588
06cfc310-7820-4a81-ac26-67910f7e9ea6.jpg,0.5885380506515503
07125480-e928-4b5c-aaf2-62dddb1bf2a1.jpg,0.6392742395401001
07a16de4-9d4c-4e88-a980-37734b8a4cdd.jpg,0.4888887405395508
07e257da-ae36-45f1-baa4-5f7ad4e5d86b.jpg,0.5360371470451355
08886e85-61de-479a-b2df-99ef3c5d0b05.jpg,0.6176764369010925
097574ff-b999-4c5f-bb7a-3eee6fed02d1.jpg,0.5846611857414246
0abbde89-55e8-4b25-ba9b-17a99f84bae0.jpg,0.5718786120414734
0c1808e9-0af5-464b-8ce2-0518795a1272.jpg,0.5634011626243591
0cbe036d-0188-4ba5-b15d-d60022a81d6f.jpg,0.646033525466919
0f266626-6804-4aaa-bd44-12d230a1c181.jpg,0.4854164123535156
0fc18a4c-0666-4287-a25d-e295bcb18351.jpg,0.5291293859481812
103e47f6-1dc1-41f4-aed9-f3b678419d11.jpg,0.5142861008644104
12705828-047b-45cb-a8cb-4932ed887de1.jpg,0.6499929428100586
12fd49d8-1d27-4314-be13-d355d72f15a8.jpg,0.6356779932975769
13b24a60-a6fe-48fc-92d2-3a3b008ce7c7.jpg,0.48426657915115356
15f01c52-9386-44d4-b35f-b535e81cfec5.jpg,0.6335232853889465
1635232a-0e9b-4f49-a83b-e35ad819ef56.jpg,0.6291577219963074
169e144f-7374-4d11-b9f8-96ebb8ed56b2.jpg,0.6403841972351074
16b15680-1f2a-468f-abe9-f3ebbb50dca4.jpg,0.5071862936019897
16c4e4e9-ed11-4d36-9dfc-ca575c4384bf.jpg,0.6159654855728149
17029a43-0aec-4db0-9ff6-de544ff2e7fd.jpg,0.5518354177474976
170f536e-0ccb-47fa-beea-1accce009fe7.jpg,0.5282067060470581
1831b4b0-803e-4950-9086-5455d74d6a44.jpg,0.486625611782074
18bb5d03-8dce-4e4a-aae0-62039a828a7c.jpg,0.5740885734558105
1b0b50d0-c31e-4713-b252-292423149457.jpg,0.6442027688026428
1dbccebc-d38e-46c7-b639-acb33572823f.jpg,0.5421037673950195
1fd55aa5-fd24-44d9-a828-0619dc944ecb.jpg,0.5588595271110535
208d539f-c428-44f0-8ba3-31287b6ceee8.jpg,0.5361230373382568
25976248-f2f8-4d8d-9f4a-18fd50a53981.jpg,0.5435184836387634
276cc3c1-4b64-4933-aa0c-5edf79c0e105.jpg,0.4757078289985657
2dc177bc-2c4b-4b33-a938-cd15a09b1045.jpg,0.5956424474716187
3019421b-87dd-41f5-ad07-b06c503c0134.jpg,0.5263068675994873
30b23b86-4328-4dc0-a763-350f2d7dc85f.jpg,0.49414101243019104
31559539-9087-4bd0-806a-30413a980cf1.jpg,0.6037698984146118
327e22ca-95fb-4c16-8314-827e535694ac.jpg,0.5067276358604431
36c7d37b-05fa-4d92-813c-a437dcb0e661.jpg,0.5688493847846985
37f70220-545f-4f86-bace-61f4bf052e6e.jpg,0.5738979578018188
388718ee-17f8-446c-9e25-688100629227.jpg,0.6339127421379089
3921e471-1f0b-4953-84d9-0e8353ab105e.jpg,0.5002208352088928
39461b56-ec72-4c01-a20a-d0ddb73dc58f.jpg,0.4992673993110657
3a4afbe2-c1e5-456c-b594-b5bc17b4afe2.jpg,0.6036361455917358
3a5f682b-e24a-4756-97a9-0a8758d4a88d.jpg,0.4870094358921051
3a601e99-c913-4b8a-a909-f15944dc3ee7.jpg,0.5974475741386414
3be3e148-e972-460b-afc5-95c976fd1e06.jpg,0.5550124049186707
3c3d0e93-09f0-4be5-9fc9-5f0f3efda96b.jpg,0.5165035724639893
3c785e01-bc52-4467-9429-623abf2e521d.jpg,0.5270780324935913
3c7b1c50-0625-42ff-afa1-3b0a5e3abf38.jpg,0.6353294253349304
3ce7cd1e-20d7-4892-b0a3-1092f5d27f09.jpg,0.6114554405212402
3d77d4a8-44f0-40c8-b009-0db072ab9314.jpg,0.5327457785606384
401b20e9-e927-4322-b7d2-c60f9874350e.jpg,0.5092781782150269
403af764-1328-484d-b58d-2b306c602c60.jpg,0.49272745847702026
408b3cb3-42e7-44d7-a40c-34d412c3004d.jpg,0.5571936964988708
40da4b80-5097-4c1f-b15a-989f72525354.jpg,0.5324921607971191
40e6af90-c12c-4791-a8a7-b2fdad566ed3.jpg,0.6390077471733093
41259843-2e8f-41fb-9d3e-b894e54e37f9.jpg,0.5675919651985168
413a991a-8787-4097-b981-662bb8737731.jpg,0.550998866558075
41aca716-6c71-40be-9b0d-b9a0bb28d490.jpg,0.5769426226615906
41bd3bce-27fe-4ac5-b972-058614eab7ac.jpg,0.5509056448936462
41fbdf7c-575c-43b0-977d-3024dd08779e.jpg,0.5999680161476135
43379ac4-c626-468c-adee-f6843633e848.jpg,0.5247551202774048
43450dc4-b305-41fd-98b0-0fca3c3a407c.jpg,0.5059173107147217
43cc99ab-f27c-4fa1-8f6c-3f28a2eb102e.jpg,0.5121635794639587
44807d59-cd8d-480f-9562-6cca6205ee94.jpg,0.553214967250824
44924445-e169-455f-88a8-ed8af7c884b0.jpg,0.6277082562446594
44e1c022-e1eb-4636-9204-c9a6e762873c.jpg,0.5762866139411926
454bd649-2755-4dd3-be6c-7690f73775b5.jpg,0.5829376578330994
4553e5e4-91b1-4f9b-b154-d2829eaad12d.jpg,0.5783414840698242
45ab73a0-6d78-47e1-9282-a9eedf30289d.jpg,0.5373848676681519
45d3b893-1825-467b-bed4-b949cc203979.jpg,0.5580441355705261
45ddbd0e-006a-41c0-a32a-62a4cbeb2a13.jpg,0.6130296587944031
45e249f3-bcfb-4a4a-af37-8252b32e8f8f.jpg,0.5163096189498901
45fdb11c-c832-49dc-936f-25303df3088b.jpg,0.6147999167442322
47755c72-c865-44a8-846e-5b69e0142638.jpg,0.5472189784049988
490acf2f-8fc0-419e-b83c-190735b71efb.jpg,0.5769871473312378
497f010c-5091-467a-bc3e-2c948ee696b0.jpg,0.6085535883903503
49819189-845a-49ba-9f8a-d775ab939761.jpg,0.4920654594898224
49b4c195-df32-427a-ac69-b13d798b634b.jpg,0.5464295744895935
4a0de7be-7db0-4742-8a6d-ea17656ad3bf.jpg,0.5282814502716064
4ade4645-44d9-45a1-b574-5d1718c1e76c.jpg,0.568821132183075
4b4d8179-7c0d-415f-bb11-5dbda89b5abe.jpg,0.5204444527626038
4b79586f-900f-458e-a52f-67780f0d477d.jpg,0.5052303075790405
4b7e6809-b113-4019-9230-15745042554d.jpg,0.5534805059432983
4b808df6-3fd6-49e3-a0e4-2b31d9821ce8.jpg,0.6291458606719971
4c7afe96-9f99-496f-a4c4-d27a3d76a767.jpg,0.5173280835151672
4d2ec151-c36e-4a06-8978-a74b2fd2dce2.jpg,0.5366420149803162
4d3f2ef9-9e30-4395-96cf-d44a2a976eb8.jpg,0.6020857691764832
4e35d6f7-9cdd-4080-afa1-f16693091aaf.jpg,0.5973829627037048
4e8e683f-b8ac-4a07-8ab2-b93dad788801.jpg,0.6218220591545105
4ea7fd4a-04c4-4c55-ad69-8ce971f9aff5.jpg,0.645043671131134
4ef21681-b5be-4f2e-9f00-504446bb4ded.jpg,0.5794773697853088
4ef91aee-b956-47d1-b5f7-d744cc3b7a41.jpg,0.4435370862483978
4eff8749-55c8-4129-b2d4-fe35963037f2.jpg,0.5484194755554199
4f71fa14-67f7-4985-8f06-b8480416790f.jpg,0.5172992944717407
4f7ffff6-9e9e-4bf7-bb8a-abdce9b24a46.jpg,0.5594033598899841
4fdf94b9-86bf-42fc-b084-d5deabb568fe.jpg,0.5775691270828247
4fe67675-c814-4416-901f-897ef80d437d.jpg,0.508614718914032
4fee1a16-bef2-4115-8527-a280735ca77c.jpg,0.6009227633476257
50845a20-98db-47d2-8254-5e3e07acb6a0.jpg,0.6293846368789673
50ccf4b3-fb05-4e21-aa6a-73f93ce2f33f.jpg,0.5842829942703247
51766ab4-c931-427d-b8f5-33974a79abe2.jpg,0.6216010451316833
527fcdb1-a09d-469e-ba98-db1badf85d3e.jpg,0.5777797102928162
528b8639-992b-4a8e-9043-44ef68125d81.jpg,0.549730122089386
52b8e4bd-047b-4c60-a035-56694f591652.jpg,0.5343180298805237
52f85606-4bd6-4947-bb43-fd2d4d1147c2.jpg,0.5244383811950684
533f6b0d-6e60-44d4-93fa-29c777e6278c.jpg,0.5122461318969727
535782ec-911d-47a8-acb9-140b2405e288.jpg,0.6221425533294678
53bcc519-836d-4975-9977-58f41a7725c7.jpg,0.5082234740257263
5411ccb9-b6d7-4e55-ba37-fb5b471257c7.jpg,0.5861556529998779
543f6ac2-317b-4cba-8828-fd73fafaecea.jpg,0.6479411721229553
54895691-ee84-4f0e-b22d-e8e63f8598d4.jpg,0.5168712735176086
54ebec21-d065-4f5f-81b7-9ac9a207e4e0.jpg,0.48744767904281616
575b4e6f-99ce-4827-b7f7-866d8f4015ca.jpg,0.5564540028572083
57f8aab4-d9d1-4f6a-b1e0-7b10d0d5c342.jpg,0.6138986349105835
5837424b-9013-4056-b04c-ee216af8df3a.jpg,0.5823082327842712
58ba9b95-3218-497a-ab76-20950d731f15.jpg,0.5187076330184937
59010e44-e84f-45c4-890b-dfaa5baca9cc.jpg,0.5453036427497864
5902e358-40b5-42c6-8b77-a6a02f9a9e7c.jpg,0.6077667474746704
5951d644-7d41-4dd0-8166-0b4a27745cf3.jpg,0.5687770843505859
5952e12d-5aac-4b4a-bd32-3a12d025cd85.jpg,0.5051412582397461
5a003a5e-c298-4cce-ac1f-59cff6acd65a.jpg,0.485958069562912
5a497d5a-808a-4e0b-951a-334efb497229.jpg,0.6197087168693542
5af36cff-6ade-46c5-aead-23713072fdf4.jpg,0.5976865887641907
5b463e77-3d8e-4c37-bf9a-f281afa513e7.jpg,0.5210803151130676
5c0272f2-ae30-4865-8588-f3be15e74e41.jpg,0.5575006008148193
5c618118-ee15-4613-81a1-e99c0975f51a.jpg,0.5075997710227966
5cb55af6-404c-4a17-bfa7-2007465407b4.jpg,0.5942535400390625
5d256814-d5bd-4f0f-89f6-5f111574be94.jpg,0.6439943909645081
5e0f0b51-0494-4328-91f5-74903b246b9e.jpg,0.5982728600502014
5f2434b4-2a32-4e66-b74f-7337e0582f82.jpg,0.5727084875106812
5f324764-e16f-4698-b9f1-cc75f53d22a5.jpg,0.5741087794303894
5f6dd547-55e6-44c3-a1e8-ba0024ee4f5c.jpg,0.5585013031959534
5f99f401-d99a-4445-b0e8-b37fb1ce63ac.jpg,0.5694028735160828
5fefa7fc-bf2f-44a9-bfe0-d4c6f9c55511.jpg,0.5476946234703064
615faf3d-7097-4b8a-a131-3b1d29cae868.jpg,0.5866175293922424
617a8457-cda0-491e-8027-ef216b6a9744.jpg,0.6236751675605774
61bcfd5d-f380-449a-a982-eb1f7c2cfe65.jpg,0.5427770018577576
62297e0a-0bc2-4606-b489-f22a79c8bea1.jpg,0.48592984676361084
6231f6a8-7933-4f92-8981-a301dca04a57.jpg,0.6211403012275696
62dfc10d-f6fa-425c-8ad9-c20f11820507.jpg,0.5034953951835632
638237aa-b0d8-47eb-a48e-b6913d25d7ed.jpg,0.6121063232421875
641a3a38-9074-4492-ad7d-412c30c84100.jpg,0.6485134363174438
64c64cdd-19c4-43a8-8220-677e133d7864.jpg,0.5280706286430359
6520ba7e-243c-4be7-b7c6-0005a16788c0.jpg,0.5804592370986938
65484c53-799a-496d-ae2c-b13d0e23fcc7.jpg,0.5191966891288757
65738ec0-4bc7-45b4-ad9c-8d1d84b1618f.jpg,0.6113651990890503
66830592-46b6-4907-9c06-845338b63fa2.jpg,0.6188774704933167
66a1ca77-256d-4e6a-a602-bc7435a57cd3.jpg,0.5555853247642517
67de36c5-4534-4352-9eb8-b84a704f8105.jpg,0.5153273940086365
67fb12d4-cdf4-4952-91a9-fc0b1cfe064f.jpg,0.5341128706932068
685e12c9-ef16-4040-90f8-92649a23f8e5.jpg,0.5226953029632568
688387b4-2c21-4fe2-9cb8-24a67544a356.jpg,0.5928105115890503
68908ab8-ca8d-418e-96f7-779b58e92ae6.jpg,0.5389326810836792
68af451d-8222-43c4-8753-2b70cbbfb194.jpg,0.5124384760856628
697cae51-d7cb-4ba9-8eb8-2ac6de2972a9.jpg,0.6379895210266113
69b2c759-0002-4940-8bfc-03ea0f2477f1.jpg,0.5729349255561829
6a38bb2a-e17c-4efb-8cf8-3710f5e37f59.jpg,0.6007380485534668
6a6db20b-bb3a-4c61-8c67-bc5ce432c50b.jpg,0.5323410034179688
6b7e5283-5730-4689-9429-97384be4b2a3.jpg,0.5557457208633423
6bcef263-5b41-4aa0-8be7-42234e96aea4.jpg,0.4723268449306488
6bff452f-17b7-4a7e-8d1f-8898ac8bdedc.jpg,0.5817577242851257
6cf84d5d-3048-4f72-a0a3-efe474f9a22d.jpg,0.612285852432251
6d05e276-4fa2-4959-b2ec-b471c3af2d5b.jpg,0.5209276676177979
6d38853b-fd7e-4598-b771-98d535b3907b.jpg,0.5283297300338745
6d3d041e-c15e-4bdc-8eba-817be8a1a324.jpg,0.6282886862754822
6d7d7540-328b-4eb2-8b87-823c9ed18f62.jpg,0.5586777329444885
6d851b56-7c25-4a08-8247-c55fea6a6199.jpg,0.6109336614608765
6dec717d-7e40-4f19-8726-f72869cd4af2.jpg,0.6166908740997314
6e298e09-6e9d-44cc-a696-7ea7a15f626c.jpg,0.5586812496185303
6e658597-121b-46d6-976c-27179f54d66e.jpg,0.605746328830719
6ed56555-277d-42bc-9e16-c43b679b62d2.jpg,0.6427369713783264
6f5ffab1-0aba-4307-9318-860fae535d42.jpg,0.5084716081619263
6f874d92-ea49-43a1-af7e-33407e9c5e96.jpg,0.5615977644920349
6fc714df-ff99-419a-9ca6-ab44ee796f13.jpg,0.582489013671875
6ff1f242-81c0-460c-acec-32240be6c997.jpg,0.5937246084213257
70955b6d-3323-451a-98f7-21b9d9ccb74c.jpg,0.515505313873291
71efdae6-9529-4740-8f7d-a7e5e788676d.jpg,0.6170364618301392
73b71f5a-ce2e-4571-b623-a7abe4af47de.jpg,0.5376374125480652
742bbcd2-203a-4b66-9fe2-0ed2641adebd.jpg,0.6252797245979309
745c9dea-9742-4ee1-8090-14cb75a2dfee.jpg,0.6477395296096802
74d35cd9-9847-4a97-a83a-22fc9eeb5dc0.jpg,0.5963199734687805
75026295-2eb4-45e9-b745-db0fcf1eacb4.jpg,0.5818560123443604
75109735-3ac2-40dc-85ae-a830133b7853.jpg,0.48266252875328064
7580b25b-17e7-4627-93e0-057060fa01e3.jpg,0.6194769144058228
7581fe5e-1611-4563-a327-e140d4327ce8.jpg,0.6262221932411194
75dd76df-41a8-4b61-b42c-1f0df570be3f.jpg,0.5442749261856079
76475cee-e9c1-42e3-b4a4-a79e2d0ed39f.jpg,0.6243616342544556
76f8930e-e15f-45cf-87a8-da2ee19df2fc.jpg,0.5051647424697876
77247253-b5c3-4186-bd4c-87bd62dcd7a7.jpg,0.5147625207901001
77f3d56c-41cb-4090-ac03-30d4f857a27c.jpg,0.6482714414596558
7828fb21-d2e7-4bbb-b874-2c7b73e1e8fa.jpg,0.6258074641227722
78cff8f0-fcc1-4375-842d-d5700bd401e5.jpg,0.6163976788520813
796ceab6-d8ba-42ac-b75f-3863063a878d.jpg,0.6368005275726318
7a16cadf-741d-4a3d-8fd7-1e6322809363.jpg,0.6209880113601685
7aeb3671-e373-4144-9393-6d8381113eb6.jpg,0.5890180468559265
7b35613c-a6ad-4cdb-b7da-8ea89e5e730a.jpg,0.5107137560844421
7b81c6fd-68e9-4e25-a642-d296deb28ed3.jpg,0.5203713774681091
7bba94b9-94a1-4f0b-95cc-a9d489e34c98.jpg,0.5349088907241821
7c177034-bb35-44e8-a208-de058a824d64.jpg,0.5520687103271484
7c5b0c01-5695-4463-a576-447d4e14de22.jpg,0.5311591625213623
7c7e5e3e-6ce8-4789-a17d-d9c333cb1df8.jpg,0.5117202401161194
7d3178fd-8811-4b12-8093-1ef9d8b32683.jpg,0.6421172618865967
7df61fa7-1294-4e57-9e63-b84a5c272982.jpg,0.4960785508155823
7e1812bf-5de8-4480-a7bb-ebdf483cd0f5.jpg,0.6227777004241943
7eeee94a-0afc-41eb-b1bc-4551e4815c59.jpg,0.4991808831691742
7f03e286-9ea5-4112-9b6b-1edfc1173143.jpg,0.624994158744812
7f0ae9ec-6533-46f0-a40d-7cf0b4843431.jpg,0.6305251121520996
7f3c2906-55ce-467c-bf83-5829b83c57cc.jpg,0.48634764552116394
7fa5c832-11ce-4342-9ea2-1806fb0988aa.jpg,0.5412362217903137
817a8977-7598-427a-92f7-57833c22e5fa.jpg,0.5126981735229492
82d1c9a4-49f0-4e33-b359-06e9b4a38e11.jpg,0.5174618363380432
8313b9e5-4589-4db7-bce2-8f4a3bd06224.jpg,0.6426438689231873
850b9f56-6ae3-49bb-9cca-fb6cfe333b3f.jpg,0.5769997239112854
851e6307-c481-4851-8040-e64d97ee6cd1.jpg,0.5912774205207825
854e256b-0f49-4ff2-8718-fdce011daf7b.jpg,0.5587952733039856
861856a9-56f6-4fc8-9a6b-f0ffc608ce50.jpg,0.5821727514266968
86cce54d-1e9a-4045-bb20-19bb4de414c5.jpg,0.5966860055923462
889d1c3e-47ea-4c29-81d1-12cf942bbdd4.jpg,0.633500874042511
89ae4018-34ae-4c9c-8d48-f9526809160e.jpg,0.49657419323921204
89c2a6dc-4672-42fd-91d1-0ffcf45b7f00.jpg,0.6273290514945984
8aee90c4-2018-4326-83b9-a7080655597f.jpg,0.6209720969200134
8afcd52a-ec76-40b8-8064-29ee17efd5b9.jpg,0.5034372210502625
8b1ab06f-9e86-4fbd-b34b-2a83bd811ab9.jpg,0.6169763803482056
8c066a8e-7fc4-40f6-b9dd-b979a58801cc.jpg,0.5740149021148682
8c966759-02e2-4606-bc03-a6c8078767c4.jpg,0.6054404973983765
8d0c5b73-145f-47f1-8e50-563b44e4cf7b.jpg,0.6365205645561218
8d609680-2a71-49e7-949f-a4971ffc035b.jpg,0.5321259498596191
8dae19f8-d9ec-44d4-9e5b-15a54000ca33.jpg,0.5782145261764526
8db52d1a-b4aa-4009-a151-3200c570179e.jpg,0.42929956316947937
8dc9b385-3355-4eca-b173-54fd5cf04d8a.jpg,0.5024799108505249
8de6ac70-b33b-400d-8899-398fc4db1900.jpg,0.4955555200576782
8ea289a1-434b-427f-aeee-2693fc696bb0.jpg,0.5594071745872498
8fb5ee99-8520-432a-a5e2-dea4789ec92f.jpg,0.6353199481964111
8fbc3760-fffd-4909-a6a2-95df3f2900c0.jpg,0.5168543457984924
908c8680-2a19-4975-bd5c-8184f2c4e96c.jpg,0.6303831338882446
91096cbe-eb13-497b-9aff-3b4af34dd3fb.jpg,0.4794723093509674
913958fb-32e6-4951-8801-1a11b7117de2.jpg,0.5139563679695129
9337ae44-5e3e-4b90-aa3c-df9902ec69ce.jpg,0.5248459577560425
93caa1a4-e457-4ac5-b1e3-c1b7cdfdac50.jpg,0.6390865445137024
94423ad5-4cce-44fb-bbd4-7328a9c6d23c.jpg,0.5412192940711975
957d2ae4-20e9-4cad-9b27-ea4b181b7314.jpg,0.6211255788803101
95901a53-d0f3-4755-b793-1af4eb68988c.jpg,0.38138094544410706
95b8bfc2-07a5-4003-8b64-f62d9f5d7bdc.jpg,0.4631877541542053
95eb5ff2-7946-459c-95ba-d088c9cbe21e.jpg,0.6270246505737305
96009c90-cbf8-4c2c-8ba6-cccb0c107764.jpg,0.5203148722648621
9746c15f-94d1-4528-aff0-8ef02ccccef0.jpg,0.43364349007606506
97924b1a-003d-48c7-83a8-599ab86c0a56.jpg,0.4471692144870758
98755f70-c41f-4221-b193-b24a24a52384.jpg,0.6002350449562073
987849ab-4f8c-48e8-b28f-ccf5b9ae704b.jpg,0.5449540019035339
98834026-d9fe-4aed-89d6-f175dacdd81a.jpg,0.6247459650039673
98bd0af9-186e-4534-a9c3-02d0cee9321d.jpg,0.6484555602073669
98f7f6be-9f7a-4a57-ab13-d8dc4ba2f3eb.jpg,0.5651212334632874
9921efe9-3266-4b3c-9d2a-393ae0bde041.jpg,0.5050603151321411
9ae738d8-a676-4b9e-ac31-01df6d385d35.jpg,0.5843110084533691
9c85b427-0b51-44a6-8247-9f7c7f8aa61d.jpg,0.5520540475845337
9cb1987f-476b-43a1-aaa1-9fa529333262.jpg,0.5152080655097961
9cc13090-1906-4f88-83e1-bde1c174bbec.jpg,0.6057573556900024
9d479721-da17-4800-a1a4-4da43d1a206d.jpg,0.5999079942703247
9da5f69a-7024-41e9-bb8c-ecd617f3c06a.jpg,0.5366275906562805
9ea87997-3613-4bfb-ba2a-80d8a39c3df2.jpg,0.6219849586486816
9f707f8c-25f5-462f-9c7b-36754101f5db.jpg,0.6017756462097168
9f9183c8-4526-4ba8-bfc3-b228f3f09fdb.jpg,0.6403520107269287
9fca525c-4b1c-4308-8485-5fff76a87ce6.jpg,0.6267384886741638
9fe8cfff-e331-4176-85eb-82a4e6cf4fd8.jpg,0.49183475971221924
a0252e5b-4ff0-4147-904b-4f81496ceb99.jpg,0.524090588092804
a03bf35b-b57b-4cd0-bac4-c5d7c13a168a.jpg,0.503491997718811
a1ed538b-ed4c-40ed-8364-c9443b51ee73.jpg,0.6194956302642822
a2598429-e7cc-47b9-b537-447a9768bc78.jpg,0.5208045244216919
a40b1c79-d3d5-4cf8-a511-087dcade854e.jpg,0.5277420878410339
a45543f9-5efd-48d0-a74d-b07738c8c866.jpg,0.6349970102310181
a4808358-a5f4-4023-a7a4-0c23ee970206.jpg,0.5906685590744019
a4a72b9a-b647-4395-85f6-db7e44f23a0d.jpg,0.5135759711265564
a4db5dbe-f9c4-457a-9cf8-051502dfdff4.jpg,0.4877169132232666
a4e8e96d-93a6-4251-b617-91382e610fab.jpg,0.6458598971366882
a5759426-c3cc-407f-8abb-8c4314d85caa.jpg,0.5807477235794067
a5c6944e-1cfb-4292-b595-62daf5cf7379.jpg,0.6489646434783936
a5c7ee06-f2bc-4800-9ac9-7a8b93064826.jpg,0.5260326266288757
a60ef587-cac7-485a-a97f-c93f9d11e57e.jpg,0.5754728317260742
a6540b20-026b-44b4-ab0e-2da2ffa087f6.jpg,0.6038132905960083
a6fc3abd-e573-4412-991d-65f6bf3e5b17.jpg,0.43518826365470886
a70d0aef-3736-47c0-9c1a-4b7bcd58ff20.jpg,0.442457377910614
a782d9c2-e190-4e03-9310-5750dba6ff81.jpg,0.4804150462150574
a78391ab-082e-4dd6-a672-897866dbf2fb.jpg,0.649142324924469
a7dd959c-8a47-4b8c-a8ca-34c0ef6450c2.jpg,0.5340301990509033
a85f6e2b-513c-4469-982d-8b20aeeab65f.jpg,0.614727795124054
a8726a80-9831-47a5-8625-7c3121564b31.jpg,0.5147509574890137
a91af2db-049b-4f98-9169-e54b67264102.jpg,0.6402413845062256
a9205cbb-3258-438f-963f-6aa6ff4d4fb8.jpg,0.48272958397865295
acd35df7-0450-4696-8e83-df3dd8cb8ecc.jpg,0.6379827260971069
aed0dcde-b13d-4b30-a954-6c63666d9e81.jpg,0.5377449989318848
afcf03f3-06fe-4bb8-a063-bb6c682d6e2b.jpg,0.5936871767044067
b461f0a1-e81c-467e-81f0-1af5a42ef9cb.jpg,0.5362444519996643
b4dacd69-4df8-4f5e-bc57-07b15181c1c2.jpg,0.5490335822105408
b65d0b26-25c6-4d63-b070-518f366f95e8.jpg,0.5824349522590637
b6881b42-dbed-4d4b-b631-29def07e2989.jpg,0.5445084571838379
b73f95fe-08f0-4357-b939-16fd0cc2b8d9.jpg,0.6465302109718323
b89bd111-9093-46cd-a75c-c58c58b80824.jpg,0.6465515494346619
baf1e20d-710c-4a0f-848d-50039157426e.jpg,0.4834677278995514
bb20b32f-809f-494c-926e-ddad4436f5c2.jpg,0.592837929725647
bb4ba6c1-947b-4b84-a9f0-10d5d300a31e.jpg,0.5694758892059326
bd73138b-5909-47be-bfd7-ae53e4a3c765.jpg,0.4900355637073517
c2c3e54f-e498-42dc-a9db-4c0179b2c1ce.jpg,0.5656923055648804
c3e65f77-526f-4e99-97b3-58ffd914514d.jpg,0.5251193046569824
c4819731-dc22-4159-a654-57cae0b6ea14.jpg,0.6362107396125793
c4ea653c-ffa5-46f4-80ef-7b83b1abc16b.jpg,0.5834693908691406
c4f62eba-75ac-4733-b296-d285e5e22509.jpg,0.5147441029548645
c62c2faf-5d84-444c-b9e9-12abe38d3dac.jpg,0.5078079700469971
c6809e13-a0f0-47ac-8efe-9b16975e3df1.jpg,0.5116776823997498
c769a794-11cc-4b06-a97b-1acdca816ae1.jpg,0.5515799522399902
c7a06b07-2d04-4c98-a037-c420d0ee52d9.jpg,0.5442897081375122
c7cdca82-ac79-4bc6-b8db-119ccf05c479.jpg,0.5839998126029968
c82bfff3-fa30-4141-b074-5e3ee9cbdc2a.jpg,0.5710599422454834
c85077db-4498-4620-892c-06f13da71d16.jpg,0.598655104637146
c87992ba-0fed-475e-9391-a8d2acd82bde.jpg,0.6073808670043945
c9ad0d51-7271-49f6-9647-f658ec29772f.jpg,0.5552151799201965
ca2da576-c015-4d07-8658-5916146df767.jpg,0.6426202654838562
ca51b3ac-e223-4a54-aee7-f9081f415f0f.jpg,0.5159980654716492
cae093c2-7650-41fd-a646-6069d04acc41.jpg,0.6229755878448486
cb180632-6290-4847-82a4-c414de97c73c.jpg,0.6425621509552002
cb33b988-d8f7-4907-9904-12e13383f9d6.jpg,0.5533409118652344
ccd13d0e-5256-4f8b-9566-3db24c2cf0fa.jpg,0.5713904500007629
cd998117-d583-4316-b9b0-a2a67403ac09.jpg,0.49490389227867126
ce421618-e170-4cb1-bab4-4faa22cac209.jpg,0.4689929187297821
ce67e872-fcc3-414b-9410-0fdd862e3c27.jpg,0.5147709846496582
ce78968e-f7e6-4191-b8c6-768eed4ac113.jpg,0.5169926285743713
cf80eb36-1fd9-4c22-aea8-f257518f9a36.jpg,0.6466310620307922
cfbf9f49-2c81-4fcd-b682-4ccf7752a530.jpg,0.5828772783279419
d086792f-5d97-473c-b0f3-291385da233f.jpg,0.580105185508728
d116d674-7376-4214-b9d5-71f94cb6cefd.jpg,0.6033157110214233
d16533ce-b8f7-455b-90be-87df3b1fac24.jpg,0.540742039680481
d2515465-fed3-4795-80fe-cd24021259da.jpg,0.5775877833366394
d337d01e-e6cc-462c-84fc-6fa25896cd50.jpg,0.5169517993927002
d4b686f6-f302-48d4-a803-15099a785ae2.jpg,0.5584056973457336
d5a15545-d86c-4dc7-9ae4-f4b8df1161ef.jpg,0.5012618899345398
d5a86f33-8533-49d0-a54d-83913e5a1452.jpg,0.6013118028640747
d5d801c0-e0fe-4ac6-8224-234f79183dac.jpg,0.5415799021720886
d6113dcf-5955-42ff-bcc4-d549637f22d5.jpg,0.632969856262207
d835db70-7ec9-417a-a959-2f7682941e2a.jpg,0.5434215664863586
d88c71a0-73f2-4fdc-b870-38a3bf4c2a2d.jpg,0.6488840579986572
d8d40e55-c205-4223-bf02-bd7bbafdfc88.jpg,0.5456326603889465
da85f149-657f-4fa9-b109-4b5aafe8be53.jpg,0.6421685218811035
db7a5cb2-c62d-4829-9e55-d6e080796de9.jpg,0.6086880564689636
dba10a63-a7b8-4962-8fd2-1ffc41e9da7d.jpg,0.591830313205719
dbc55a1e-81a2-48e4-a777-8f606eb3e7b7.jpg,0.5741555690765381
dc04f15d-9a30-4295-9d65-0832a923f5b7.jpg,0.6153838634490967
dc12b302-3b84-449d-9c00-3d00ee2231a0.jpg,0.6060949563980103
dc139a0e-0bbf-4ba4-8e71-c949022a542e.jpg,0.5496751070022583
dc3c7d12-a717-4ae6-b8b6-05c339a6f878.jpg,0.6399727463722229
dc76e041-3a36-4bd6-b8c1-ec38e7eb2ebc.jpg,0.6254448890686035
dd086446-9635-46bc-aa01-546188266938.jpg,0.6306536793708801
dd620b26-010e-482b-b03b-5b908e6f88ae.jpg,0.5960363745689392
ddbf8ff2-2a2f-4a99-8350-b000d588ef0c.jpg,0.5989781022071838
ddd4df9d-f587-49d1-ae22-163c91f306ee.jpg,0.5981611609458923
de5cd980-fe4d-4271-984c-3ab285efcb48.jpg,0.6325859427452087
dee976de-1e1d-420f-be73-2b36ea97da7d.jpg,0.5011134147644043
dfd398b2-d512-43f5-9976-c8ad0ad8e344.jpg,0.5687268376350403
e0500fbd-7565-40a4-94ba-5bbed47f90a7.jpg,0.621434211730957
e155a0d0-8f66-4a5e-8121-84659ed9447c.jpg,0.48700961470603943
e2c633e0-f476-47c4-b178-250907fd9a0f.jpg,0.5234959125518799
e3961779-7dd7-487c-956e-2f674e9b5c71.jpg,0.6285072565078735
e3c7de22-c9e1-4cb6-9278-67a7b7d9b86a.jpg,0.5750964283943176
e3e179bf-d986-407b-8230-ed324a1fd15c.jpg,0.6367087960243225
e3fa0d93-c5af-467f-a59e-b9725f4508d9.jpg,0.5174886584281921
e432b7bd-aab3-48f1-b186-b859cd01c60b.jpg,0.6299900412559509
e46bf3ce-4426-4f41-bcf5-4afb112164b5.jpg,0.5415654182434082
e4b9985c-8392-442c-bcf6-5d28ada62a6c.jpg,0.5968483686447144
e4c80aa1-92bb-4035-b76b-6c2c4a1ebcf4.jpg,0.43179377913475037
e5472077-9544-4297-b632-84c97082ec7a.jpg,0.5367074608802795
e5d72831-18d5-4e17-bc07-28d8f640e28d.jpg,0.6472179889678955
e8d62821-d460-44da-828f-a1f17934a29a.jpg,0.38120996952056885
e8d9ce93-d80f-4b60-817b-17748104ee12.jpg,0.6221883893013
e923de59-4d66-4f84-8eee-8b5b793522ee.jpg,0.5953062772750854
ea3ae077-39ad-4222-babd-db7d772f0a48.jpg,0.5564628839492798
eac0cd64-5c9e-4cb7-86b1-6d4c7eb60ad3.jpg,0.6235061287879944
eae43926-5ed5-41c0-bb4f-e248e2b22f3a.jpg,0.5788663029670715
ebb542b8-7a87-4d0a-81d0-ecbc529a9e8d.jpg,0.6466130018234253
ebd0999b-f778-4d0f-8307-f633c22f9f1f.jpg,0.5108711123466492
ebd485b0-e788-44e2-8f85-a98a6cb2d153.jpg,0.5966719388961792
ecb794d5-2059-4087-a2ce-dedf07bac25b.jpg,0.5599370002746582
eccce97e-0db7-4773-a2bc-2c8de743c29b.jpg,0.529180645942688
ed268b58-7e78-4990-b2c2-148c1546a4a7.jpg,0.5822283625602722
eda8b862-53de-4bf9-8eb1-6f271cd73630.jpg,0.6151584982872009
ee469221-953d-4be0-8151-f195451dc2a4.jpg,0.6288779377937317
efea1e5c-246f-48b9-a076-83f4e8285eaa.jpg,0.5205299258232117
f0c03e9e-a3b5-4f45-aa8d-c341c16c50f4.jpg,0.5753709077835083
f196d537-bdf4-42d1-89b6-b0eaadec130e.jpg,0.5785399675369263
f22259a4-daac-4444-85cf-fc542c88be33.jpg,0.6087676882743835
f2653d69-8eb5-425e-be65-b9b5409aa310.jpg,0.5248003602027893
f2955702-cc5d-480e-91a5-9466f6e0e548.jpg,0.5824638605117798
f2ed2022-f1e9-499f-b1a2-549d4090c9e4.jpg,0.4766290783882141
f2f6d2de-0a65-46f8-8353-3e0304a98732.jpg,0.5595111846923828
f2f7c1f9-726d-4b21-87a2-14331a08615e.jpg,0.5087164044380188
f3362510-e94e-4ce8-a4d6-b54e1677c280.jpg,0.47158268094062805
f385200a-1f87-41fa-bab5-79350e4c275c.jpg,0.5343836545944214
f3f41ec7-f74f-4db2-8764-34dcaf968b6d.jpg,0.5797044634819031
f3f98941-5ec0-450a-a616-16f23750184b.jpg,0.5666424632072449
f4b051b5-e21f-4599-b698-dd7f034aa110.jpg,0.6100176572799683
f6514d42-39c3-4816-8c6f-214ca72b4f87.jpg,0.6160675287246704
f6a4e9dc-4b6a-40cd-96bb-a88d57d237f6.jpg,0.5297854542732239
f7314793-6863-4d4c-b090-a29308443ba7.jpg,0.5006898641586304
f8407f91-c629-4655-94bd-1cc6d290cb39.jpg,0.5590150356292725
f849c5e2-3a1b-49bc-8b0c-018157b97e2a.jpg,0.47040656208992004
f84e394b-9502-4961-8d77-ed7a4be922ed.jpg,0.60101318359375
f852e922-6bcc-4ef2-851e-7fcc81296ddf.jpg,0.5076945424079895
f8868bd7-01d1-43b6-aa99-29a98665dedc.jpg,0.6002941131591797
f8fef94a-8314-462a-a3de-a45fd2265efe.jpg,0.5592818260192871
f90241b5-ef89-4fcc-b7d6-c8b3835b8089.jpg,0.5708954930305481
f91a1aad-3a8a-46b7-a074-29c901dcf624.jpg,0.5919365286827087
f91b1a04-f3df-47bb-8969-a1735323eafd.jpg,0.5579371452331543
f99f9af4-013d-4add-b3b4-a6bc133f3f2a.jpg,0.5059945583343506
f9ea85a3-2279-431c-bbbd-5151bce5d1c1.jpg,0.5162169933319092
f9f345cd-62ef-422f-9762-24c1d7dbfefc.jpg,0.582249104976654
fa171602-fde0-4256-8b12-8d50dba408b9.jpg,0.47873756289482117
fa1b42e8-d6b1-42b2-9d1a-9dfeaa356338.jpg,0.6349433064460754
faac3aa2-9311-4caf-8c60-e9151aaca922.jpg,0.520592212677002
fb2d6329-0e0a-40e2-9f31-9491cda7c267.jpg,0.512220025062561
fb679675-c42d-4c9f-9006-456eaa860e1d.jpg,0.5965714454650879
fb7da100-dbbc-4fee-b22b-24cec8ce8404.jpg,0.5562067627906799
fbca815a-13e5-4fcb-8ce0-7d9eef06a3ce.jpg,0.4949193596839905
fbdd7e42-8db2-4228-a4e1-b671e5414942.jpg,0.48725131154060364
fbe6e89b-e7bc-413e-b339-54793c6e113e.jpg,0.576076328754425
fbf7eeaa-32ff-4e80-9b44-37c686a6d4db.jpg,0.5181533694267273
fd08f9c5-1101-4353-bfc0-12d06be82d0c.jpg,0.5866696834564209
fd38ecb1-d5fa-49ca-9244-9571f3999c96.jpg,0.6365264058113098
fd75ed04-91db-4a73-bab9-5ac35317e857.jpg,0.5071371793746948
fdf09245-a9ca-4281-bca3-8ea420cdc7d8.jpg,0.6401137113571167
fe27a8ff-34e0-4a60-a905-ebf48309b569.jpg,0.6407942771911621
fe4f5b3e-c635-48b6-af5b-4b5d79283f3c.jpg,0.514408528804779
fe6a671e-ab77-4a45-af7e-1fb715efd15f.jpg,0.6186900734901428
fef9cea7-b11c-467a-b64e-3f7199d18311.jpg,0.5097583532333374
ff2baf79-403a-474c-89bc-a7f3904de194.jpg,0.5719829201698303
ff2f54a2-8bdf-45fd-93dc-40b5c3c53ef6.jpg,0.6065850853919983
ffa31ac1-56ef-4f72-98e9-0128274b751f.jpg,0.5180267691612244
ffe9a1c4-634d-408f-9b0f-8098ffb78a4e.jpg,0.495410293340683
